<annotation>
	<folder>SAR</folder>
	<filename>AE_S1B_20190801_1.tif</filename>
	<path>F:\EddyDownload\S1Data\涡旋数据整理\Anticyclones\SAR\AE_S1B_20190801_1.tif</path>
	<source>
		<database>Unknown</database>
	</source>
	<size>
		<width>1640</width>
		<height>1909</height>
		<depth>1</depth>
	</size>
	<segmented>0</segmented>
	<object>
		<name>anticyclone</name>
		<pose>Unspecified</pose>
		<truncated>0</truncated>
		<difficult>0</difficult>
		<bndbox>
			<xmin>73</xmin>
			<ymin>288</ymin>
			<xmax>1607</xmax>
			<ymax>1858</ymax>
		</bndbox>
	</object>
</annotation>
