<annotation>
	<folder>SAR</folder>
	<filename>AE_S1B_20190915_1.tif</filename>
	<path>F:\EddyDownload\S1Data\涡旋数据整理\Anticyclones\SAR\AE_S1B_20190915_1.tif</path>
	<source>
		<database>Unknown</database>
	</source>
	<size>
		<width>2361</width>
		<height>2883</height>
		<depth>1</depth>
	</size>
	<segmented>0</segmented>
	<object>
		<name>anticyclone</name>
		<pose>Unspecified</pose>
		<truncated>0</truncated>
		<difficult>0</difficult>
		<bndbox>
			<xmin>246</xmin>
			<ymin>201</ymin>
			<xmax>2297</xmax>
			<ymax>2553</ymax>
		</bndbox>
	</object>
</annotation>
