<annotation>
	<folder>SAR</folder>
	<filename>AE_S1B_20190430_1.tif</filename>
	<path>F:\EddyDownload\S1Data\涡旋数据整理\Anticyclones\SAR\AE_S1B_20190430_1.tif</path>
	<source>
		<database>Unknown</database>
	</source>
	<size>
		<width>6257</width>
		<height>5510</height>
		<depth>1</depth>
	</size>
	<segmented>0</segmented>
	<object>
		<name>anticyclone</name>
		<pose>Unspecified</pose>
		<truncated>0</truncated>
		<difficult>0</difficult>
		<bndbox>
			<xmin>202</xmin>
			<ymin>108</ymin>
			<xmax>6143</xmax>
			<ymax>5196</ymax>
		</bndbox>
	</object>
</annotation>
