<annotation>
	<folder>SAR</folder>
	<filename>AE_S1A_20190812_1.tif</filename>
	<path>F:\EddyDownload\S1Data\涡旋数据整理\Anticyclones\SAR\AE_S1A_20190812_1.tif</path>
	<source>
		<database>Unknown</database>
	</source>
	<size>
		<width>1445</width>
		<height>1309</height>
		<depth>1</depth>
	</size>
	<segmented>0</segmented>
	<object>
		<name>anticyclone</name>
		<pose>Unspecified</pose>
		<truncated>0</truncated>
		<difficult>0</difficult>
		<bndbox>
			<xmin>96</xmin>
			<ymin>256</ymin>
			<xmax>1423</xmax>
			<ymax>1213</ymax>
		</bndbox>
	</object>
</annotation>
