<annotation>
	<folder>1</folder>
	<filename>20210601.tif</filename>
	<path>H:\FMS上传数据集\1\20210601.tif</path>
	<source>
		<database>Unknown</database>
	</source>
	<size>
		<width>4440</width>
		<height>3657</height>
		<depth>1</depth>
	</size>
	<segmented>0</segmented>
	<object>
		<name>anticyclone</name>
		<pose>Unspecified</pose>
		<truncated>0</truncated>
		<difficult>0</difficult>
		<bndbox>
			<xmin>1939</xmin>
			<ymin>551</ymin>
			<xmax>3974</xmax>
			<ymax>1986</ymax>
		</bndbox>
	</object>
	<object>
		<name>anticyclone</name>
		<pose>Unspecified</pose>
		<truncated>0</truncated>
		<difficult>0</difficult>
		<bndbox>
			<xmin>212</xmin>
			<ymin>1586</ymin>
			<xmax>3989</xmax>
			<ymax>3478</ymax>
		</bndbox>
	</object>
</annotation>
