<annotation>
	<folder>SAR</folder>
	<filename>AE_S1B_20190914_1.tif</filename>
	<path>F:\EddyDownload\S1Data\涡旋数据整理\Anticyclones\SAR\AE_S1B_20190914_1.tif</path>
	<source>
		<database>Unknown</database>
	</source>
	<size>
		<width>6856</width>
		<height>7073</height>
		<depth>1</depth>
	</size>
	<segmented>0</segmented>
	<object>
		<name>anticyclone</name>
		<pose>Unspecified</pose>
		<truncated>0</truncated>
		<difficult>0</difficult>
		<bndbox>
			<xmin>493</xmin>
			<ymin>1328</ymin>
			<xmax>6470</xmax>
			<ymax>6590</ymax>
		</bndbox>
	</object>
</annotation>
