<annotation>
	<folder>SAR</folder>
	<filename>AE_S1A_20190427_4.tif</filename>
	<path>F:\EddyDownload\S1Data\涡旋数据整理\Anticyclones\SAR\AE_S1A_20190427_4.tif</path>
	<source>
		<database>Unknown</database>
	</source>
	<size>
		<width>1044</width>
		<height>1098</height>
		<depth>1</depth>
	</size>
	<segmented>0</segmented>
	<object>
		<name>anticyclone</name>
		<pose>Unspecified</pose>
		<truncated>0</truncated>
		<difficult>0</difficult>
		<bndbox>
			<xmin>83</xmin>
			<ymin>158</ymin>
			<xmax>737</xmax>
			<ymax>862</ymax>
		</bndbox>
	</object>
</annotation>
