<annotation>
	<folder>SAR</folder>
	<filename>AE_S1A_20190612_2.tif</filename>
	<path>F:\EddyDownload\S1Data\涡旋数据整理\Anticyclones\SAR\AE_S1A_20190612_2.tif</path>
	<source>
		<database>Unknown</database>
	</source>
	<size>
		<width>1917</width>
		<height>2461</height>
		<depth>1</depth>
	</size>
	<segmented>0</segmented>
	<object>
		<name>anticyclone</name>
		<pose>Unspecified</pose>
		<truncated>0</truncated>
		<difficult>0</difficult>
		<bndbox>
			<xmin>924</xmin>
			<ymin>60</ymin>
			<xmax>1726</xmax>
			<ymax>689</ymax>
		</bndbox>
	</object>
	<object>
		<name>anticyclone</name>
		<pose>Unspecified</pose>
		<truncated>0</truncated>
		<difficult>0</difficult>
		<bndbox>
			<xmin>390</xmin>
			<ymin>1096</ymin>
			<xmax>1275</xmax>
			<ymax>2219</ymax>
		</bndbox>
	</object>
</annotation>
