<annotation>
	<folder>SAR</folder>
	<filename>AE_S1A_20190430_1.tif</filename>
	<path>F:\EddyDownload\S1Data\涡旋数据整理\Anticyclones\SAR\AE_S1A_20190430_1.tif</path>
	<source>
		<database>Unknown</database>
	</source>
	<size>
		<width>1203</width>
		<height>1137</height>
		<depth>1</depth>
	</size>
	<segmented>0</segmented>
	<object>
		<name>anticyclone</name>
		<pose>Unspecified</pose>
		<truncated>0</truncated>
		<difficult>0</difficult>
		<bndbox>
			<xmin>328</xmin>
			<ymin>173</ymin>
			<xmax>938</xmax>
			<ymax>836</ymax>
		</bndbox>
	</object>
</annotation>
