<annotation>
	<folder>SAR</folder>
	<filename>AE_S1B_20190105_2.tif</filename>
	<path>F:\EddyDownload\S1Data\涡旋数据整理\Anticyclones\SAR\AE_S1B_20190105_2.tif</path>
	<source>
		<database>Unknown</database>
	</source>
	<size>
		<width>1797</width>
		<height>1719</height>
		<depth>1</depth>
	</size>
	<segmented>0</segmented>
	<object>
		<name>anticyclone</name>
		<pose>Unspecified</pose>
		<truncated>0</truncated>
		<difficult>0</difficult>
		<bndbox>
			<xmin>712</xmin>
			<ymin>297</ymin>
			<xmax>1463</xmax>
			<ymax>1488</ymax>
		</bndbox>
	</object>
</annotation>
