<annotation>
	<folder>SAR</folder>
	<filename>AE_S1A_20190628_4.tif</filename>
	<path>F:\EddyDownload\S1Data\涡旋数据整理\Anticyclones\SAR\AE_S1A_20190628_4.tif</path>
	<source>
		<database>Unknown</database>
	</source>
	<size>
		<width>3557</width>
		<height>3136</height>
		<depth>1</depth>
	</size>
	<segmented>0</segmented>
	<object>
		<name>anticyclone</name>
		<pose>Unspecified</pose>
		<truncated>0</truncated>
		<difficult>0</difficult>
		<bndbox>
			<xmin>593</xmin>
			<ymin>504</ymin>
			<xmax>3077</xmax>
			<ymax>2794</ymax>
		</bndbox>
	</object>
</annotation>
