<annotation>
	<folder>SAR</folder>
	<filename>AE_S1B_20190425_1.tif</filename>
	<path>F:\EddyDownload\S1Data\涡旋数据整理\Anticyclones\SAR\AE_S1B_20190425_1.tif</path>
	<source>
		<database>Unknown</database>
	</source>
	<size>
		<width>877</width>
		<height>924</height>
		<depth>1</depth>
	</size>
	<segmented>0</segmented>
	<object>
		<name>anticyclone</name>
		<pose>Unspecified</pose>
		<truncated>0</truncated>
		<difficult>0</difficult>
		<bndbox>
			<xmin>165</xmin>
			<ymin>273</ymin>
			<xmax>516</xmax>
			<ymax>588</ymax>
		</bndbox>
	</object>
</annotation>
