<annotation>
	<folder>SAR</folder>
	<filename>AE_S1A_20190827_1.tif</filename>
	<path>F:\EddyDownload\S1Data\涡旋数据整理\Anticyclones\SAR\AE_S1A_20190827_1.tif</path>
	<source>
		<database>Unknown</database>
	</source>
	<size>
		<width>3319</width>
		<height>2855</height>
		<depth>1</depth>
	</size>
	<segmented>0</segmented>
	<object>
		<name>anticyclone</name>
		<pose>Unspecified</pose>
		<truncated>0</truncated>
		<difficult>0</difficult>
		<bndbox>
			<xmin>403</xmin>
			<ymin>418</ymin>
			<xmax>3118</xmax>
			<ymax>2205</ymax>
		</bndbox>
	</object>
</annotation>
