<annotation>
	<folder>SAR</folder>
	<filename>AE_S1B_20190110_1.tif</filename>
	<path>F:\EddyDownload\S1Data\涡旋数据整理\Anticyclones\SAR\AE_S1B_20190110_1.tif</path>
	<source>
		<database>Unknown</database>
	</source>
	<size>
		<width>7297</width>
		<height>8069</height>
		<depth>1</depth>
	</size>
	<segmented>0</segmented>
	<object>
		<name>anticyclone</name>
		<pose>Unspecified</pose>
		<truncated>0</truncated>
		<difficult>0</difficult>
		<bndbox>
			<xmin>1785</xmin>
			<ymin>4234</ymin>
			<xmax>7260</xmax>
			<ymax>7859</ymax>
		</bndbox>
	</object>
	<object>
		<name>cyclone</name>
		<pose>Unspecified</pose>
		<truncated>0</truncated>
		<difficult>0</difficult>
		<bndbox>
			<xmin>869</xmin>
			<ymin>1042</ymin>
			<xmax>5160</xmax>
			<ymax>4234</ymax>
		</bndbox>
	</object>
</annotation>
