<annotation>
	<folder>SAR</folder>
	<filename>AE_S1A_20190905_2.tif</filename>
	<path>F:\EddyDownload\S1Data\涡旋数据整理\Anticyclones\SAR\AE_S1A_20190905_2.tif</path>
	<source>
		<database>Unknown</database>
	</source>
	<size>
		<width>6892</width>
		<height>5822</height>
		<depth>1</depth>
	</size>
	<segmented>0</segmented>
	<object>
		<name>anticyclone</name>
		<pose>Unspecified</pose>
		<truncated>0</truncated>
		<difficult>0</difficult>
		<bndbox>
			<xmin>843</xmin>
			<ymin>1073</ymin>
			<xmax>5905</xmax>
			<ymax>4785</ymax>
		</bndbox>
	</object>
</annotation>
