<annotation>
	<folder>SAR</folder>
	<filename>AE_S1B_20190206_1.tif</filename>
	<path>F:\EddyDownload\S1Data\涡旋数据整理\Anticyclones\SAR\AE_S1B_20190206_1.tif</path>
	<source>
		<database>Unknown</database>
	</source>
	<size>
		<width>2727</width>
		<height>2384</height>
		<depth>1</depth>
	</size>
	<segmented>0</segmented>
	<object>
		<name>anticyclone</name>
		<pose>Unspecified</pose>
		<truncated>0</truncated>
		<difficult>0</difficult>
		<bndbox>
			<xmin>219</xmin>
			<ymin>654</ymin>
			<xmax>1972</xmax>
			<ymax>1694</ymax>
		</bndbox>
	</object>
</annotation>
