<annotation>
	<folder>SAR</folder>
	<filename>AE_S1B_20190717_1.tif</filename>
	<path>F:\EddyDownload\S1Data\涡旋数据整理\Anticyclones\SAR\AE_S1B_20190717_1.tif</path>
	<source>
		<database>Unknown</database>
	</source>
	<size>
		<width>6627</width>
		<height>4785</height>
		<depth>1</depth>
	</size>
	<segmented>0</segmented>
	<object>
		<name>cyclone</name>
		<pose>Unspecified</pose>
		<truncated>0</truncated>
		<difficult>0</difficult>
		<bndbox>
			<xmin>541</xmin>
			<ymin>412</ymin>
			<xmax>1686</xmax>
			<ymax>1272</ymax>
		</bndbox>
	</object>
	<object>
		<name>anticyclone</name>
		<pose>Unspecified</pose>
		<truncated>0</truncated>
		<difficult>0</difficult>
		<bndbox>
			<xmin>771</xmin>
			<ymin>1582</ymin>
			<xmax>5561</xmax>
			<ymax>4512</ymax>
		</bndbox>
	</object>
</annotation>
