<annotation>
	<folder>SAR</folder>
	<filename>AE_S1A_20190407_1.tif</filename>
	<path>F:\EddyDownload\S1Data\涡旋数据整理\Anticyclones\SAR\AE_S1A_20190407_1.tif</path>
	<source>
		<database>Unknown</database>
	</source>
	<size>
		<width>2166</width>
		<height>1881</height>
		<depth>1</depth>
	</size>
	<segmented>0</segmented>
	<object>
		<name>cyclone</name>
		<pose>Unspecified</pose>
		<truncated>0</truncated>
		<difficult>0</difficult>
		<bndbox>
			<xmin>140</xmin>
			<ymin>214</ymin>
			<xmax>1846</xmax>
			<ymax>1758</ymax>
		</bndbox>
	</object>
</annotation>
