<annotation>
	<folder>1</folder>
	<filename>20210402.tif</filename>
	<path>H:\FMS上传数据集\1\20210402.tif</path>
	<source>
		<database>Unknown</database>
	</source>
	<size>
		<width>1974</width>
		<height>2023</height>
		<depth>1</depth>
	</size>
	<segmented>0</segmented>
	<object>
		<name>anticyclone</name>
		<pose>Unspecified</pose>
		<truncated>0</truncated>
		<difficult>0</difficult>
		<bndbox>
			<xmin>485</xmin>
			<ymin>524</ymin>
			<xmax>1868</xmax>
			<ymax>1579</ymax>
		</bndbox>
	</object>
</annotation>
