<annotation>
	<folder>SAR</folder>
	<filename>AE_S1B_20190420_1.tif</filename>
	<path>F:\EddyDownload\S1Data\涡旋数据整理\Anticyclones\SAR\AE_S1B_20190420_1.tif</path>
	<source>
		<database>Unknown</database>
	</source>
	<size>
		<width>3618</width>
		<height>4173</height>
		<depth>1</depth>
	</size>
	<segmented>0</segmented>
	<object>
		<name>cyclone</name>
		<pose>Unspecified</pose>
		<truncated>0</truncated>
		<difficult>0</difficult>
		<bndbox>
			<xmin>981</xmin>
			<ymin>1020</ymin>
			<xmax>2581</xmax>
			<ymax>3490</ymax>
		</bndbox>
	</object>
	<object>
		<name>anticyclone</name>
		<pose>Unspecified</pose>
		<truncated>0</truncated>
		<difficult>0</difficult>
		<bndbox>
			<xmin>1398</xmin>
			<ymin>147</ymin>
			<xmax>3350</xmax>
			<ymax>1642</ymax>
		</bndbox>
	</object>
</annotation>
