<annotation>
	<folder>SAR</folder>
	<filename>AE_S1B_20191030_1.tif</filename>
	<path>F:\EddyDownload\S1Data\涡旋数据整理\Anticyclones\SAR\AE_S1B_20191030_1.tif</path>
	<source>
		<database>Unknown</database>
	</source>
	<size>
		<width>2842</width>
		<height>2713</height>
		<depth>1</depth>
	</size>
	<segmented>0</segmented>
	<object>
		<name>cyclone</name>
		<pose>Unspecified</pose>
		<truncated>0</truncated>
		<difficult>0</difficult>
		<bndbox>
			<xmin>445</xmin>
			<ymin>659</ymin>
			<xmax>2456</xmax>
			<ymax>2233</ymax>
		</bndbox>
	</object>
</annotation>
