<annotation>
	<folder>SAR</folder>
	<filename>AE_S1B_20191129_1.tif</filename>
	<path>F:\EddyDownload\S1Data\涡旋数据整理\Anticyclones\SAR\AE_S1B_20191129_1.tif</path>
	<source>
		<database>Unknown</database>
	</source>
	<size>
		<width>9024</width>
		<height>9426</height>
		<depth>1</depth>
	</size>
	<segmented>0</segmented>
	<object>
		<name>anticyclone</name>
		<pose>Unspecified</pose>
		<truncated>0</truncated>
		<difficult>0</difficult>
		<bndbox>
			<xmin>477</xmin>
			<ymin>553</ymin>
			<xmax>7957</xmax>
			<ymax>7313</ymax>
		</bndbox>
	</object>
</annotation>
