<annotation>
	<folder>SAR</folder>
	<filename>AE_S1B_20190720_1.tif</filename>
	<path>F:\EddyDownload\S1Data\涡旋数据整理\Anticyclones\SAR\AE_S1B_20190720_1.tif</path>
	<source>
		<database>Unknown</database>
	</source>
	<size>
		<width>1600</width>
		<height>1929</height>
		<depth>1</depth>
	</size>
	<segmented>0</segmented>
	<object>
		<name>anticyclone</name>
		<pose>Unspecified</pose>
		<truncated>0</truncated>
		<difficult>0</difficult>
		<bndbox>
			<xmin>583</xmin>
			<ymin>938</ymin>
			<xmax>1573</xmax>
			<ymax>1782</ymax>
		</bndbox>
	</object>
	<object>
		<name>anticyclone</name>
		<pose>Unspecified</pose>
		<truncated>0</truncated>
		<difficult>0</difficult>
		<bndbox>
			<xmin>471</xmin>
			<ymin>396</ymin>
			<xmax>953</xmax>
			<ymax>940</ymax>
		</bndbox>
	</object>
</annotation>
