<annotation>
	<folder>SAR</folder>
	<filename>AE_S1B_20190914_2.tif</filename>
	<path>F:\EddyDownload\S1Data\涡旋数据整理\Anticyclones\SAR\AE_S1B_20190914_2.tif</path>
	<source>
		<database>Unknown</database>
	</source>
	<size>
		<width>5253</width>
		<height>4910</height>
		<depth>1</depth>
	</size>
	<segmented>0</segmented>
	<object>
		<name>anticyclone</name>
		<pose>Unspecified</pose>
		<truncated>0</truncated>
		<difficult>0</difficult>
		<bndbox>
			<xmin>487</xmin>
			<ymin>70</ymin>
			<xmax>5155</xmax>
			<ymax>4444</ymax>
		</bndbox>
	</object>
</annotation>
