<annotation>
	<folder>SAR</folder>
	<filename>AE_S1A_20190427_3.tif</filename>
	<path>F:\EddyDownload\S1Data\涡旋数据整理\Anticyclones\SAR\AE_S1A_20190427_3.tif</path>
	<source>
		<database>Unknown</database>
	</source>
	<size>
		<width>788</width>
		<height>780</height>
		<depth>1</depth>
	</size>
	<segmented>0</segmented>
	<object>
		<name>anticyclone</name>
		<pose>Unspecified</pose>
		<truncated>0</truncated>
		<difficult>0</difficult>
		<bndbox>
			<xmin>25</xmin>
			<ymin>150</ymin>
			<xmax>657</xmax>
			<ymax>750</ymax>
		</bndbox>
	</object>
</annotation>
