<annotation>
	<folder>SAR</folder>
	<filename>AE_S1B_20190101_2.tif</filename>
	<path>F:\EddyDownload\S1Data\涡旋数据整理\Anticyclones\SAR\AE_S1B_20190101_2.tif</path>
	<source>
		<database>Unknown</database>
	</source>
	<size>
		<width>2448</width>
		<height>1908</height>
		<depth>1</depth>
	</size>
	<segmented>0</segmented>
	<object>
		<name>anticyclone</name>
		<pose>Unspecified</pose>
		<truncated>0</truncated>
		<difficult>0</difficult>
		<bndbox>
			<xmin>105</xmin>
			<ymin>246</ymin>
			<xmax>2319</xmax>
			<ymax>1572</ymax>
		</bndbox>
	</object>
</annotation>
