<annotation>
	<folder>SAR</folder>
	<filename>AE_S1A_20190528_1.tif</filename>
	<path>F:\EddyDownload\S1Data\涡旋数据整理\Anticyclones\SAR\AE_S1A_20190528_1.tif</path>
	<source>
		<database>Unknown</database>
	</source>
	<size>
		<width>11861</width>
		<height>7502</height>
		<depth>1</depth>
	</size>
	<segmented>0</segmented>
	<object>
		<name>anticyclone</name>
		<pose>Unspecified</pose>
		<truncated>0</truncated>
		<difficult>0</difficult>
		<bndbox>
			<xmin>92</xmin>
			<ymin>134</ymin>
			<xmax>11717</xmax>
			<ymax>6042</ymax>
		</bndbox>
	</object>
</annotation>
