<annotation>
	<folder>SAR</folder>
	<filename>AE_S1A_20190530_1.tif</filename>
	<path>F:\EddyDownload\S1Data\涡旋数据整理\Anticyclones\SAR\AE_S1A_20190530_1.tif</path>
	<source>
		<database>Unknown</database>
	</source>
	<size>
		<width>973</width>
		<height>1010</height>
		<depth>1</depth>
	</size>
	<segmented>0</segmented>
	<object>
		<name>cyclone</name>
		<pose>Unspecified</pose>
		<truncated>0</truncated>
		<difficult>0</difficult>
		<bndbox>
			<xmin>239</xmin>
			<ymin>275</ymin>
			<xmax>824</xmax>
			<ymax>945</ymax>
		</bndbox>
	</object>
</annotation>
