<annotation>
	<folder>SAR</folder>
	<filename>AE_S1A_20190829_1.tif</filename>
	<path>F:\EddyDownload\S1Data\涡旋数据整理\Anticyclones\SAR\AE_S1A_20190829_1.tif</path>
	<source>
		<database>Unknown</database>
	</source>
	<size>
		<width>1350</width>
		<height>1215</height>
		<depth>1</depth>
	</size>
	<segmented>0</segmented>
	<object>
		<name>anticyclone</name>
		<pose>Unspecified</pose>
		<truncated>0</truncated>
		<difficult>0</difficult>
		<bndbox>
			<xmin>209</xmin>
			<ymin>12</ymin>
			<xmax>1336</xmax>
			<ymax>992</ymax>
		</bndbox>
	</object>
</annotation>
