<annotation>
	<folder>SAR</folder>
	<filename>AE_S1A_20190829_2.tif</filename>
	<path>F:\EddyDownload\S1Data\涡旋数据整理\Anticyclones\SAR\AE_S1A_20190829_2.tif</path>
	<source>
		<database>Unknown</database>
	</source>
	<size>
		<width>898</width>
		<height>706</height>
		<depth>1</depth>
	</size>
	<segmented>0</segmented>
	<object>
		<name>anticyclone</name>
		<pose>Unspecified</pose>
		<truncated>0</truncated>
		<difficult>0</difficult>
		<bndbox>
			<xmin>161</xmin>
			<ymin>119</ymin>
			<xmax>854</xmax>
			<ymax>584</ymax>
		</bndbox>
	</object>
</annotation>
