<annotation>
	<folder>SAR</folder>
	<filename>AE_S1A_20190401_1.tif</filename>
	<path>F:\EddyDownload\S1Data\涡旋数据整理\Anticyclones\SAR\AE_S1A_20190401_1.tif</path>
	<source>
		<database>Unknown</database>
	</source>
	<size>
		<width>5762</width>
		<height>4144</height>
		<depth>1</depth>
	</size>
	<segmented>0</segmented>
	<object>
		<name>anticyclone</name>
		<pose>Unspecified</pose>
		<truncated>0</truncated>
		<difficult>0</difficult>
		<bndbox>
			<xmin>309</xmin>
			<ymin>298</ymin>
			<xmax>5609</xmax>
			<ymax>3806</ymax>
		</bndbox>
	</object>
</annotation>
