<annotation>
	<folder>SAR</folder>
	<filename>AE_S1B_20191030_2.tif</filename>
	<path>F:\EddyDownload\S1Data\涡旋数据整理\Anticyclones\SAR\AE_S1B_20191030_2.tif</path>
	<source>
		<database>Unknown</database>
	</source>
	<size>
		<width>3285</width>
		<height>2625</height>
		<depth>1</depth>
	</size>
	<segmented>0</segmented>
	<object>
		<name>anticyclone</name>
		<pose>Unspecified</pose>
		<truncated>0</truncated>
		<difficult>0</difficult>
		<bndbox>
			<xmin>279</xmin>
			<ymin>37</ymin>
			<xmax>3243</xmax>
			<ymax>2568</ymax>
		</bndbox>
	</object>
</annotation>
