<annotation>
	<folder>SAR</folder>
	<filename>CE_S1A_20190514_2.tif</filename>
	<path>F:\EddyDownload\S1Data\涡旋数据整理\Cyclones\SAR\CE_S1A_20190514_2.tif</path>
	<source>
		<database>Unknown</database>
	</source>
	<size>
		<width>2223</width>
		<height>2442</height>
		<depth>1</depth>
	</size>
	<segmented>0</segmented>
	<object>
		<name>cyclone</name>
		<pose>Unspecified</pose>
		<truncated>0</truncated>
		<difficult>0</difficult>
		<bndbox>
			<xmin>277</xmin>
			<ymin>141</ymin>
			<xmax>607</xmax>
			<ymax>959</ymax>
		</bndbox>
	</object>
	<object>
		<name>cyclone</name>
		<pose>Unspecified</pose>
		<truncated>0</truncated>
		<difficult>0</difficult>
		<bndbox>
			<xmin>1161</xmin>
			<ymin>1403</ymin>
			<xmax>1615</xmax>
			<ymax>1813</ymax>
		</bndbox>
	</object>
	<object>
		<name>anticyclone</name>
		<pose>Unspecified</pose>
		<truncated>0</truncated>
		<difficult>0</difficult>
		<bndbox>
			<xmin>1043</xmin>
			<ymin>1767</ymin>
			<xmax>1320</xmax>
			<ymax>2000</ymax>
		</bndbox>
	</object>
	<object>
		<name>cyclone</name>
		<pose>Unspecified</pose>
		<truncated>0</truncated>
		<difficult>0</difficult>
		<bndbox>
			<xmin>1279</xmin>
			<ymin>1949</ymin>
			<xmax>1725</xmax>
			<ymax>2433</ymax>
		</bndbox>
	</object>
</annotation>
