<annotation>
	<folder>SAR</folder>
	<filename>CE_S1A_20191022_16.tif</filename>
	<path>F:\EddyDownload\S1Data\涡旋数据整理\Cyclones\SAR\CE_S1A_20191022_16.tif</path>
	<source>
		<database>Unknown</database>
	</source>
	<size>
		<width>879</width>
		<height>863</height>
		<depth>1</depth>
	</size>
	<segmented>0</segmented>
	<object>
		<name>cyclone</name>
		<pose>Unspecified</pose>
		<truncated>0</truncated>
		<difficult>0</difficult>
		<bndbox>
			<xmin>102</xmin>
			<ymin>252</ymin>
			<xmax>625</xmax>
			<ymax>580</ymax>
		</bndbox>
	</object>
</annotation>
