<annotation>
	<folder>SAR</folder>
	<filename>CE_S1A_20191022_9.tif</filename>
	<path>F:\EddyDownload\S1Data\涡旋数据整理\Cyclones\SAR\CE_S1A_20191022_9.tif</path>
	<source>
		<database>Unknown</database>
	</source>
	<size>
		<width>873</width>
		<height>895</height>
		<depth>1</depth>
	</size>
	<segmented>0</segmented>
	<object>
		<name>cyclone</name>
		<pose>Unspecified</pose>
		<truncated>0</truncated>
		<difficult>0</difficult>
		<bndbox>
			<xmin>90</xmin>
			<ymin>141</ymin>
			<xmax>799</xmax>
			<ymax>687</ymax>
		</bndbox>
	</object>
</annotation>
