<annotation>
	<folder>SAR</folder>
	<filename>CE_S1B_20190610_3.tif</filename>
	<path>F:\EddyDownload\S1Data\涡旋数据整理\Cyclones\SAR\CE_S1B_20190610_3.tif</path>
	<source>
		<database>Unknown</database>
	</source>
	<size>
		<width>3228</width>
		<height>3139</height>
		<depth>1</depth>
	</size>
	<segmented>0</segmented>
	<object>
		<name>cyclone</name>
		<pose>Unspecified</pose>
		<truncated>0</truncated>
		<difficult>0</difficult>
		<bndbox>
			<xmin>672</xmin>
			<ymin>42</ymin>
			<xmax>3128</xmax>
			<ymax>3075</ymax>
		</bndbox>
	</object>
</annotation>
