<annotation>
	<folder>SAR</folder>
	<filename>CE_S1A_20190107_2.tif</filename>
	<path>F:\EddyDownload\S1Data\涡旋数据整理\Cyclones\SAR\CE_S1A_20190107_2.tif</path>
	<source>
		<database>Unknown</database>
	</source>
	<size>
		<width>789</width>
		<height>998</height>
		<depth>1</depth>
	</size>
	<segmented>0</segmented>
	<object>
		<name>cyclone</name>
		<pose>Unspecified</pose>
		<truncated>0</truncated>
		<difficult>0</difficult>
		<bndbox>
			<xmin>192</xmin>
			<ymin>235</ymin>
			<xmax>523</xmax>
			<ymax>899</ymax>
		</bndbox>
	</object>
</annotation>
