<annotation>
	<folder>SAR</folder>
	<filename>CE_S1A_20190731_1.tif</filename>
	<path>F:\EddyDownload\S1Data\涡旋数据整理\Cyclones\SAR\CE_S1A_20190731_1.tif</path>
	<source>
		<database>Unknown</database>
	</source>
	<size>
		<width>2394</width>
		<height>2210</height>
		<depth>1</depth>
	</size>
	<segmented>0</segmented>
	<object>
		<name>cyclone</name>
		<pose>Unspecified</pose>
		<truncated>0</truncated>
		<difficult>0</difficult>
		<bndbox>
			<xmin>31</xmin>
			<ymin>96</ymin>
			<xmax>1468</xmax>
			<ymax>2082</ymax>
		</bndbox>
	</object>
	<object>
		<name>cyclone</name>
		<pose>Unspecified</pose>
		<truncated>0</truncated>
		<difficult>0</difficult>
		<bndbox>
			<xmin>1512</xmin>
			<ymin>463</ymin>
			<xmax>2305</xmax>
			<ymax>2049</ymax>
		</bndbox>
	</object>
</annotation>
