<annotation>
	<folder>SAR</folder>
	<filename>CE_S1A_20191022_7.tif</filename>
	<path>F:\EddyDownload\S1Data\涡旋数据整理\Cyclones\SAR\CE_S1A_20191022_7.tif</path>
	<source>
		<database>Unknown</database>
	</source>
	<size>
		<width>914</width>
		<height>677</height>
		<depth>1</depth>
	</size>
	<segmented>0</segmented>
	<object>
		<name>cyclone</name>
		<pose>Unspecified</pose>
		<truncated>0</truncated>
		<difficult>0</difficult>
		<bndbox>
			<xmin>104</xmin>
			<ymin>182</ymin>
			<xmax>836</xmax>
			<ymax>672</ymax>
		</bndbox>
	</object>
</annotation>
