<annotation>
	<folder>SAR</folder>
	<filename>CE_S1A_20190829_3.tif</filename>
	<path>F:\EddyDownload\S1Data\涡旋数据整理\Cyclones\SAR\CE_S1A_20190829_3.tif</path>
	<source>
		<database>Unknown</database>
	</source>
	<size>
		<width>874</width>
		<height>866</height>
		<depth>1</depth>
	</size>
	<segmented>0</segmented>
	<object>
		<name>cyclone</name>
		<pose>Unspecified</pose>
		<truncated>0</truncated>
		<difficult>0</difficult>
		<bndbox>
			<xmin>86</xmin>
			<ymin>134</ymin>
			<xmax>780</xmax>
			<ymax>711</ymax>
		</bndbox>
	</object>
</annotation>
