<annotation>
	<folder>SAR</folder>
	<filename>CE_S1B_20191028_1.tif</filename>
	<path>F:\EddyDownload\S1Data\涡旋数据整理\Cyclones\SAR\CE_S1B_20191028_1.tif</path>
	<source>
		<database>Unknown</database>
	</source>
	<size>
		<width>1708</width>
		<height>1371</height>
		<depth>1</depth>
	</size>
	<segmented>0</segmented>
	<object>
		<name>cyclone</name>
		<pose>Unspecified</pose>
		<truncated>0</truncated>
		<difficult>0</difficult>
		<bndbox>
			<xmin>307</xmin>
			<ymin>432</ymin>
			<xmax>1517</xmax>
			<ymax>1283</ymax>
		</bndbox>
	</object>
</annotation>
