<annotation>
	<folder>SAR</folder>
	<filename>CE_S1A_20191022_12.tif</filename>
	<path>F:\EddyDownload\S1Data\涡旋数据整理\Cyclones\SAR\CE_S1A_20191022_12.tif</path>
	<source>
		<database>Unknown</database>
	</source>
	<size>
		<width>943</width>
		<height>764</height>
		<depth>1</depth>
	</size>
	<segmented>0</segmented>
	<object>
		<name>cyclone</name>
		<pose>Unspecified</pose>
		<truncated>0</truncated>
		<difficult>0</difficult>
		<bndbox>
			<xmin>131</xmin>
			<ymin>201</ymin>
			<xmax>929</xmax>
			<ymax>695</ymax>
		</bndbox>
	</object>
</annotation>
