<annotation>
	<folder>SAR</folder>
	<filename>CE_S1A_20190628_3.tif</filename>
	<path>F:\EddyDownload\S1Data\涡旋数据整理\Cyclones\SAR\CE_S1A_20190628_3.tif</path>
	<source>
		<database>Unknown</database>
	</source>
	<size>
		<width>1563</width>
		<height>1414</height>
		<depth>1</depth>
	</size>
	<segmented>0</segmented>
	<object>
		<name>cyclone</name>
		<pose>Unspecified</pose>
		<truncated>0</truncated>
		<difficult>0</difficult>
		<bndbox>
			<xmin>169</xmin>
			<ymin>89</ymin>
			<xmax>1039</xmax>
			<ymax>1236</ymax>
		</bndbox>
	</object>
</annotation>
