<annotation>
	<folder>SAR</folder>
	<filename>CE_S1B_20190721_1.tif</filename>
	<path>F:\EddyDownload\S1Data\涡旋数据整理\Cyclones\SAR\CE_S1B_20190721_1.tif</path>
	<source>
		<database>Unknown</database>
	</source>
	<size>
		<width>5259</width>
		<height>4969</height>
		<depth>1</depth>
	</size>
	<segmented>0</segmented>
	<object>
		<name>cyclone</name>
		<pose>Unspecified</pose>
		<truncated>0</truncated>
		<difficult>0</difficult>
		<bndbox>
			<xmin>311</xmin>
			<ymin>1047</ymin>
			<xmax>1474</xmax>
			<ymax>2663</ymax>
		</bndbox>
	</object>
	<object>
		<name>cyclone</name>
		<pose>Unspecified</pose>
		<truncated>0</truncated>
		<difficult>0</difficult>
		<bndbox>
			<xmin>3174</xmin>
			<ymin>2231</ymin>
			<xmax>4590</xmax>
			<ymax>3636</ymax>
		</bndbox>
	</object>
</annotation>
