<annotation>
	<folder>SAR</folder>
	<filename>CE_S1B_20191217_2.tif</filename>
	<path>F:\EddyDownload\S1Data\涡旋数据整理\Cyclones\SAR\CE_S1B_20191217_2.tif</path>
	<source>
		<database>Unknown</database>
	</source>
	<size>
		<width>943</width>
		<height>769</height>
		<depth>1</depth>
	</size>
	<segmented>0</segmented>
	<object>
		<name>cyclone</name>
		<pose>Unspecified</pose>
		<truncated>0</truncated>
		<difficult>0</difficult>
		<bndbox>
			<xmin>210</xmin>
			<ymin>129</ymin>
			<xmax>841</xmax>
			<ymax>766</ymax>
		</bndbox>
	</object>
</annotation>
