<annotation>
	<folder>SAR</folder>
	<filename>CE_S1A_20190918_2.tif</filename>
	<path>F:\EddyDownload\S1Data\涡旋数据整理\Cyclones\SAR\CE_S1A_20190918_2.tif</path>
	<source>
		<database>Unknown</database>
	</source>
	<size>
		<width>674</width>
		<height>728</height>
		<depth>1</depth>
	</size>
	<segmented>0</segmented>
	<object>
		<name>anticyclone</name>
		<pose>Unspecified</pose>
		<truncated>0</truncated>
		<difficult>0</difficult>
		<bndbox>
			<xmin>70</xmin>
			<ymin>191</ymin>
			<xmax>629</xmax>
			<ymax>634</ymax>
		</bndbox>
	</object>
</annotation>
