<annotation>
	<folder>SAR</folder>
	<filename>CE_S1A_20190928_11.tif</filename>
	<path>F:\EddyDownload\S1Data\涡旋数据整理\Cyclones\SAR\CE_S1A_20190928_11.tif</path>
	<source>
		<database>Unknown</database>
	</source>
	<size>
		<width>1829</width>
		<height>1752</height>
		<depth>1</depth>
	</size>
	<segmented>0</segmented>
	<object>
		<name>cyclone</name>
		<pose>Unspecified</pose>
		<truncated>0</truncated>
		<difficult>0</difficult>
		<bndbox>
			<xmin>165</xmin>
			<ymin>36</ymin>
			<xmax>1342</xmax>
			<ymax>1427</ymax>
		</bndbox>
	</object>
</annotation>
