<annotation>
	<folder>SAR</folder>
	<filename>CE_S1A_20190207_2.tif</filename>
	<path>F:\EddyDownload\S1Data\涡旋数据整理\Cyclones\SAR\CE_S1A_20190207_2.tif</path>
	<source>
		<database>Unknown</database>
	</source>
	<size>
		<width>577</width>
		<height>1315</height>
		<depth>1</depth>
	</size>
	<segmented>0</segmented>
	<object>
		<name>cyclone</name>
		<pose>Unspecified</pose>
		<truncated>0</truncated>
		<difficult>0</difficult>
		<bndbox>
			<xmin>5</xmin>
			<ymin>192</ymin>
			<xmax>463</xmax>
			<ymax>1307</ymax>
		</bndbox>
	</object>
</annotation>
