<annotation>
	<folder>SAR</folder>
	<filename>CE_S1A_20190928_10.tif</filename>
	<path>F:\EddyDownload\S1Data\涡旋数据整理\Cyclones\SAR\CE_S1A_20190928_10.tif</path>
	<source>
		<database>Unknown</database>
	</source>
	<size>
		<width>1707</width>
		<height>1408</height>
		<depth>1</depth>
	</size>
	<segmented>0</segmented>
	<object>
		<name>cyclone</name>
		<pose>Unspecified</pose>
		<truncated>0</truncated>
		<difficult>0</difficult>
		<bndbox>
			<xmin>255</xmin>
			<ymin>370</ymin>
			<xmax>1443</xmax>
			<ymax>1090</ymax>
		</bndbox>
	</object>
</annotation>
