<annotation>
	<folder>SAR</folder>
	<filename>CE_S1A_20190621_3.tif</filename>
	<path>F:\EddyDownload\S1Data\涡旋数据整理\Cyclones\SAR\CE_S1A_20190621_3.tif</path>
	<source>
		<database>Unknown</database>
	</source>
	<size>
		<width>2451</width>
		<height>2041</height>
		<depth>1</depth>
	</size>
	<segmented>0</segmented>
	<object>
		<name>cyclone</name>
		<pose>Unspecified</pose>
		<truncated>0</truncated>
		<difficult>0</difficult>
		<bndbox>
			<xmin>105</xmin>
			<ymin>71</ymin>
			<xmax>2429</xmax>
			<ymax>1765</ymax>
		</bndbox>
	</object>
</annotation>
