<annotation>
	<folder>SAR</folder>
	<filename>CE_S1B_20190821_2.tif</filename>
	<path>F:\EddyDownload\S1Data\涡旋数据整理\Cyclones\SAR\CE_S1B_20190821_2.tif</path>
	<source>
		<database>Unknown</database>
	</source>
	<size>
		<width>4582</width>
		<height>4604</height>
		<depth>1</depth>
	</size>
	<segmented>0</segmented>
	<object>
		<name>cyclone</name>
		<pose>Unspecified</pose>
		<truncated>0</truncated>
		<difficult>0</difficult>
		<bndbox>
			<xmin>988</xmin>
			<ymin>644</ymin>
			<xmax>3074</xmax>
			<ymax>4511</ymax>
		</bndbox>
	</object>
</annotation>
