<annotation>
	<folder>SAR</folder>
	<filename>CE_S1A_20190619_2.tif</filename>
	<path>F:\EddyDownload\S1Data\涡旋数据整理\Cyclones\SAR\CE_S1A_20190619_2.tif</path>
	<source>
		<database>Unknown</database>
	</source>
	<size>
		<width>903</width>
		<height>943</height>
		<depth>1</depth>
	</size>
	<segmented>0</segmented>
	<object>
		<name>cyclone</name>
		<pose>Unspecified</pose>
		<truncated>0</truncated>
		<difficult>0</difficult>
		<bndbox>
			<xmin>186</xmin>
			<ymin>174</ymin>
			<xmax>720</xmax>
			<ymax>935</ymax>
		</bndbox>
	</object>
</annotation>
