<annotation>
	<folder>SAR</folder>
	<filename>CE_S1B_20190927_9.tif</filename>
	<path>F:\EddyDownload\S1Data\涡旋数据整理\Cyclones\SAR\CE_S1B_20190927_9.tif</path>
	<source>
		<database>Unknown</database>
	</source>
	<size>
		<width>864</width>
		<height>889</height>
		<depth>1</depth>
	</size>
	<segmented>0</segmented>
	<object>
		<name>cyclone</name>
		<pose>Unspecified</pose>
		<truncated>0</truncated>
		<difficult>0</difficult>
		<bndbox>
			<xmin>336</xmin>
			<ymin>283</ymin>
			<xmax>577</xmax>
			<ymax>884</ymax>
		</bndbox>
	</object>
</annotation>
