<annotation>
	<folder>SAR</folder>
	<filename>CE_S1A_20191010_9.tif</filename>
	<path>F:\EddyDownload\S1Data\涡旋数据整理\Cyclones\SAR\CE_S1A_20191010_9.tif</path>
	<source>
		<database>Unknown</database>
	</source>
	<size>
		<width>1450</width>
		<height>1409</height>
		<depth>1</depth>
	</size>
	<segmented>0</segmented>
	<object>
		<name>cyclone</name>
		<pose>Unspecified</pose>
		<truncated>0</truncated>
		<difficult>0</difficult>
		<bndbox>
			<xmin>50</xmin>
			<ymin>56</ymin>
			<xmax>432</xmax>
			<ymax>585</ymax>
		</bndbox>
	</object>
	<object>
		<name>cyclone</name>
		<pose>Unspecified</pose>
		<truncated>0</truncated>
		<difficult>0</difficult>
		<bndbox>
			<xmin>725</xmin>
			<ymin>759</ymin>
			<xmax>1089</xmax>
			<ymax>1090</ymax>
		</bndbox>
	</object>
</annotation>
