<annotation>
	<folder>SAR</folder>
	<filename>CE_S1A_20191022_17.tif</filename>
	<path>F:\EddyDownload\S1Data\涡旋数据整理\Cyclones\SAR\CE_S1A_20191022_17.tif</path>
	<source>
		<database>Unknown</database>
	</source>
	<size>
		<width>1292</width>
		<height>1153</height>
		<depth>1</depth>
	</size>
	<segmented>0</segmented>
	<object>
		<name>cyclone</name>
		<pose>Unspecified</pose>
		<truncated>0</truncated>
		<difficult>0</difficult>
		<bndbox>
			<xmin>115</xmin>
			<ymin>117</ymin>
			<xmax>1157</xmax>
			<ymax>1142</ymax>
		</bndbox>
	</object>
</annotation>
