<annotation>
	<folder>SAR</folder>
	<filename>CE_S1A_20191022_8.tif</filename>
	<path>F:\EddyDownload\S1Data\涡旋数据整理\Cyclones\SAR\CE_S1A_20191022_8.tif</path>
	<source>
		<database>Unknown</database>
	</source>
	<size>
		<width>943</width>
		<height>904</height>
		<depth>1</depth>
	</size>
	<segmented>0</segmented>
	<object>
		<name>cyclone</name>
		<pose>Unspecified</pose>
		<truncated>0</truncated>
		<difficult>0</difficult>
		<bndbox>
			<xmin>143</xmin>
			<ymin>237</ymin>
			<xmax>785</xmax>
			<ymax>894</ymax>
		</bndbox>
	</object>
</annotation>
