<annotation>
	<folder>SAR</folder>
	<filename>CE_S1B_20191130_2.tif</filename>
	<path>F:\EddyDownload\S1Data\涡旋数据整理\Cyclones\SAR\CE_S1B_20191130_2.tif</path>
	<source>
		<database>Unknown</database>
	</source>
	<size>
		<width>1261</width>
		<height>959</height>
		<depth>1</depth>
	</size>
	<segmented>0</segmented>
	<object>
		<name>cyclone</name>
		<pose>Unspecified</pose>
		<truncated>0</truncated>
		<difficult>0</difficult>
		<bndbox>
			<xmin>163</xmin>
			<ymin>185</ymin>
			<xmax>1189</xmax>
			<ymax>723</ymax>
		</bndbox>
	</object>
</annotation>
