<annotation>
	<folder>SAR</folder>
	<filename>CE_S1A_20190207_4.tif</filename>
	<path>F:\EddyDownload\S1Data\涡旋数据整理\Cyclones\SAR\CE_S1A_20190207_4.tif</path>
	<source>
		<database>Unknown</database>
	</source>
	<size>
		<width>890</width>
		<height>834</height>
		<depth>1</depth>
	</size>
	<segmented>0</segmented>
	<object>
		<name>cyclone</name>
		<pose>Unspecified</pose>
		<truncated>0</truncated>
		<difficult>0</difficult>
		<bndbox>
			<xmin>556</xmin>
			<ymin>290</ymin>
			<xmax>877</xmax>
			<ymax>698</ymax>
		</bndbox>
	</object>
	<object>
		<name>anticyclone</name>
		<pose>Unspecified</pose>
		<truncated>0</truncated>
		<difficult>0</difficult>
		<bndbox>
			<xmin>99</xmin>
			<ymin>4</ymin>
			<xmax>507</xmax>
			<ymax>430</ymax>
		</bndbox>
	</object>
</annotation>
