<annotation>
	<folder>SAR</folder>
	<filename>CE_S1A_20190228_2.tif</filename>
	<path>F:\EddyDownload\S1Data\涡旋数据整理\Cyclones\SAR\CE_S1A_20190228_2.tif</path>
	<source>
		<database>Unknown</database>
	</source>
	<size>
		<width>1987</width>
		<height>1935</height>
		<depth>1</depth>
	</size>
	<segmented>0</segmented>
	<object>
		<name>cyclone</name>
		<pose>Unspecified</pose>
		<truncated>0</truncated>
		<difficult>0</difficult>
		<bndbox>
			<xmin>676</xmin>
			<ymin>827</ymin>
			<xmax>1376</xmax>
			<ymax>1781</ymax>
		</bndbox>
	</object>
	<object>
		<name>cyclone</name>
		<pose>Unspecified</pose>
		<truncated>0</truncated>
		<difficult>0</difficult>
		<bndbox>
			<xmin>10</xmin>
			<ymin>131</ymin>
			<xmax>1288</xmax>
			<ymax>1009</ymax>
		</bndbox>
	</object>
</annotation>
