<annotation>
	<folder>SAR</folder>
	<filename>CE_S1B_20191021_1.tif</filename>
	<path>F:\EddyDownload\S1Data\涡旋数据整理\Cyclones\SAR\CE_S1B_20191021_1.tif</path>
	<source>
		<database>Unknown</database>
	</source>
	<size>
		<width>1596</width>
		<height>1409</height>
		<depth>1</depth>
	</size>
	<segmented>0</segmented>
	<object>
		<name>cyclone</name>
		<pose>Unspecified</pose>
		<truncated>0</truncated>
		<difficult>0</difficult>
		<bndbox>
			<xmin>258</xmin>
			<ymin>181</ymin>
			<xmax>1451</xmax>
			<ymax>1363</ymax>
		</bndbox>
	</object>
</annotation>
