<annotation>
	<folder>SAR</folder>
	<filename>CE_S1A_20190816_1.tif</filename>
	<path>F:\EddyDownload\S1Data\涡旋数据整理\Cyclones\SAR\CE_S1A_20190816_1.tif</path>
	<source>
		<database>Unknown</database>
	</source>
	<size>
		<width>2559</width>
		<height>2005</height>
		<depth>1</depth>
	</size>
	<segmented>0</segmented>
	<object>
		<name>cyclone</name>
		<pose>Unspecified</pose>
		<truncated>0</truncated>
		<difficult>0</difficult>
		<bndbox>
			<xmin>236</xmin>
			<ymin>23</ymin>
			<xmax>2274</xmax>
			<ymax>1996</ymax>
		</bndbox>
	</object>
</annotation>
