<annotation>
	<folder>SAR</folder>
	<filename>CE_S1A_20190929_1.tif</filename>
	<path>F:\EddyDownload\S1Data\涡旋数据整理\Cyclones\SAR\CE_S1A_20190929_1.tif</path>
	<source>
		<database>Unknown</database>
	</source>
	<size>
		<width>1424</width>
		<height>1599</height>
		<depth>1</depth>
	</size>
	<segmented>0</segmented>
	<object>
		<name>cyclone</name>
		<pose>Unspecified</pose>
		<truncated>0</truncated>
		<difficult>0</difficult>
		<bndbox>
			<xmin>435</xmin>
			<ymin>184</ymin>
			<xmax>1279</xmax>
			<ymax>1384</ymax>
		</bndbox>
	</object>
	<object>
		<name>cyclone</name>
		<pose>Unspecified</pose>
		<truncated>0</truncated>
		<difficult>0</difficult>
		<bndbox>
			<xmin>49</xmin>
			<ymin>1386</ymin>
			<xmax>324</xmax>
			<ymax>1596</ymax>
		</bndbox>
	</object>
</annotation>
