<annotation>
	<folder>SAR</folder>
	<filename>CE_S1A_20191116_1.tif</filename>
	<path>F:\EddyDownload\S1Data\涡旋数据整理\Cyclones\SAR\CE_S1A_20191116_1.tif</path>
	<source>
		<database>Unknown</database>
	</source>
	<size>
		<width>898</width>
		<height>1077</height>
		<depth>1</depth>
	</size>
	<segmented>0</segmented>
	<object>
		<name>cyclone</name>
		<pose>Unspecified</pose>
		<truncated>0</truncated>
		<difficult>0</difficult>
		<bndbox>
			<xmin>163</xmin>
			<ymin>196</ymin>
			<xmax>892</xmax>
			<ymax>1003</ymax>
		</bndbox>
	</object>
</annotation>
