<annotation>
	<folder>SAR</folder>
	<filename>CE_S1B_20190805_2.tif</filename>
	<path>F:\EddyDownload\S1Data\涡旋数据整理\Cyclones\SAR\CE_S1B_20190805_2.tif</path>
	<source>
		<database>Unknown</database>
	</source>
	<size>
		<width>2405</width>
		<height>2248</height>
		<depth>1</depth>
	</size>
	<segmented>0</segmented>
	<object>
		<name>cyclone</name>
		<pose>Unspecified</pose>
		<truncated>0</truncated>
		<difficult>0</difficult>
		<bndbox>
			<xmin>412</xmin>
			<ymin>501</ymin>
			<xmax>1882</xmax>
			<ymax>1877</ymax>
		</bndbox>
	</object>
</annotation>
