<annotation>
	<folder>SAR</folder>
	<filename>CE_S1A_20191022_20.tif</filename>
	<path>F:\EddyDownload\S1Data\涡旋数据整理\Cyclones\SAR\CE_S1A_20191022_20.tif</path>
	<source>
		<database>Unknown</database>
	</source>
	<size>
		<width>933</width>
		<height>932</height>
		<depth>1</depth>
	</size>
	<segmented>0</segmented>
	<object>
		<name>cyclone</name>
		<pose>Unspecified</pose>
		<truncated>0</truncated>
		<difficult>0</difficult>
		<bndbox>
			<xmin>146</xmin>
			<ymin>477</ymin>
			<xmax>613</xmax>
			<ymax>892</ymax>
		</bndbox>
	</object>
	<object>
		<name>cyclone</name>
		<pose>Unspecified</pose>
		<truncated>0</truncated>
		<difficult>0</difficult>
		<bndbox>
			<xmin>473</xmin>
			<ymin>125</ymin>
			<xmax>756</xmax>
			<ymax>431</ymax>
		</bndbox>
	</object>
</annotation>
