<annotation>
	<folder>SAR</folder>
	<filename>CE_S1A_20190616_5.tif</filename>
	<path>F:\EddyDownload\S1Data\涡旋数据整理\Cyclones\SAR\CE_S1A_20190616_5.tif</path>
	<source>
		<database>Unknown</database>
	</source>
	<size>
		<width>1105</width>
		<height>1298</height>
		<depth>1</depth>
	</size>
	<segmented>0</segmented>
	<object>
		<name>cyclone</name>
		<pose>Unspecified</pose>
		<truncated>0</truncated>
		<difficult>0</difficult>
		<bndbox>
			<xmin>216</xmin>
			<ymin>44</ymin>
			<xmax>904</xmax>
			<ymax>1169</ymax>
		</bndbox>
	</object>
</annotation>
