<annotation>
	<folder>SAR</folder>
	<filename>CE_S1A_20191010_6.tif</filename>
	<path>F:\EddyDownload\S1Data\涡旋数据整理\Cyclones\SAR\CE_S1A_20191010_6.tif</path>
	<source>
		<database>Unknown</database>
	</source>
	<size>
		<width>1567</width>
		<height>1351</height>
		<depth>1</depth>
	</size>
	<segmented>0</segmented>
	<object>
		<name>cyclone</name>
		<pose>Unspecified</pose>
		<truncated>0</truncated>
		<difficult>0</difficult>
		<bndbox>
			<xmin>239</xmin>
			<ymin>5</ymin>
			<xmax>1508</xmax>
			<ymax>1267</ymax>
		</bndbox>
	</object>
</annotation>
