<annotation>
	<folder>SAR</folder>
	<filename>CE_S1B_20190328_3.tif</filename>
	<path>F:\EddyDownload\S1Data\涡旋数据整理\Cyclones\SAR\CE_S1B_20190328_3.tif</path>
	<source>
		<database>Unknown</database>
	</source>
	<size>
		<width>582</width>
		<height>493</height>
		<depth>1</depth>
	</size>
	<segmented>0</segmented>
	<object>
		<name>cyclone</name>
		<pose>Unspecified</pose>
		<truncated>0</truncated>
		<difficult>0</difficult>
		<bndbox>
			<xmin>56</xmin>
			<ymin>70</ymin>
			<xmax>447</xmax>
			<ymax>485</ymax>
		</bndbox>
	</object>
</annotation>
