<annotation>
	<folder>SAR</folder>
	<filename>CE_S1B_20190927_1.tif</filename>
	<path>F:\EddyDownload\S1Data\涡旋数据整理\Cyclones\SAR\CE_S1B_20190927_1.tif</path>
	<source>
		<database>Unknown</database>
	</source>
	<size>
		<width>1007</width>
		<height>946</height>
		<depth>1</depth>
	</size>
	<segmented>0</segmented>
	<object>
		<name>cyclone</name>
		<pose>Unspecified</pose>
		<truncated>0</truncated>
		<difficult>0</difficult>
		<bndbox>
			<xmin>96</xmin>
			<ymin>75</ymin>
			<xmax>718</xmax>
			<ymax>940</ymax>
		</bndbox>
	</object>
</annotation>
