<annotation>
	<folder>SAR</folder>
	<filename>CE_S1A_20191116_2.tif</filename>
	<path>F:\EddyDownload\S1Data\涡旋数据整理\Cyclones\SAR\CE_S1A_20191116_2.tif</path>
	<source>
		<database>Unknown</database>
	</source>
	<size>
		<width>963</width>
		<height>1125</height>
		<depth>1</depth>
	</size>
	<segmented>0</segmented>
	<object>
		<name>anticyclone</name>
		<pose>Unspecified</pose>
		<truncated>1</truncated>
		<difficult>0</difficult>
		<bndbox>
			<xmin>20</xmin>
			<ymin>1</ymin>
			<xmax>405</xmax>
			<ymax>272</ymax>
		</bndbox>
	</object>
	<object>
		<name>cyclone</name>
		<pose>Unspecified</pose>
		<truncated>0</truncated>
		<difficult>0</difficult>
		<bndbox>
			<xmin>513</xmin>
			<ymin>65</ymin>
			<xmax>923</xmax>
			<ymax>500</ymax>
		</bndbox>
	</object>
	<object>
		<name>cyclone</name>
		<pose>Unspecified</pose>
		<truncated>0</truncated>
		<difficult>0</difficult>
		<bndbox>
			<xmin>54</xmin>
			<ymin>347</ymin>
			<xmax>565</xmax>
			<ymax>988</ymax>
		</bndbox>
	</object>
</annotation>
