<annotation>
	<folder>SAR</folder>
	<filename>CE_S1A_20190607_5.tif</filename>
	<path>F:\EddyDownload\S1Data\涡旋数据整理\Cyclones\SAR\CE_S1A_20190607_5.tif</path>
	<source>
		<database>Unknown</database>
	</source>
	<size>
		<width>924</width>
		<height>885</height>
		<depth>1</depth>
	</size>
	<segmented>0</segmented>
	<object>
		<name>anticyclone</name>
		<pose>Unspecified</pose>
		<truncated>0</truncated>
		<difficult>0</difficult>
		<bndbox>
			<xmin>6</xmin>
			<ymin>442</ymin>
			<xmax>108</xmax>
			<ymax>723</ymax>
		</bndbox>
	</object>
	<object>
		<name>anticyclone</name>
		<pose>Unspecified</pose>
		<truncated>0</truncated>
		<difficult>0</difficult>
		<bndbox>
			<xmin>98</xmin>
			<ymin>634</ymin>
			<xmax>247</xmax>
			<ymax>783</ymax>
		</bndbox>
	</object>
	<object>
		<name>cyclone</name>
		<pose>Unspecified</pose>
		<truncated>0</truncated>
		<difficult>0</difficult>
		<bndbox>
			<xmin>200</xmin>
			<ymin>269</ymin>
			<xmax>494</xmax>
			<ymax>629</ymax>
		</bndbox>
	</object>
	<object>
		<name>cyclone</name>
		<pose>Unspecified</pose>
		<truncated>0</truncated>
		<difficult>0</difficult>
		<bndbox>
			<xmin>448</xmin>
			<ymin>66</ymin>
			<xmax>665</xmax>
			<ymax>287</ymax>
		</bndbox>
	</object>
</annotation>
