<annotation>
	<folder>SAR</folder>
	<filename>CE_S1B_20190927_6.tif</filename>
	<path>F:\EddyDownload\S1Data\涡旋数据整理\Cyclones\SAR\CE_S1B_20190927_6.tif</path>
	<source>
		<database>Unknown</database>
	</source>
	<size>
		<width>1585</width>
		<height>1555</height>
		<depth>1</depth>
	</size>
	<segmented>0</segmented>
	<object>
		<name>cyclone</name>
		<pose>Unspecified</pose>
		<truncated>0</truncated>
		<difficult>0</difficult>
		<bndbox>
			<xmin>649</xmin>
			<ymin>116</ymin>
			<xmax>1323</xmax>
			<ymax>922</ymax>
		</bndbox>
	</object>
	<object>
		<name>cyclone</name>
		<pose>Unspecified</pose>
		<truncated>0</truncated>
		<difficult>0</difficult>
		<bndbox>
			<xmin>991</xmin>
			<ymin>813</ymin>
			<xmax>1481</xmax>
			<ymax>1287</ymax>
		</bndbox>
	</object>
	<object>
		<name>cyclone</name>
		<pose>Unspecified</pose>
		<truncated>0</truncated>
		<difficult>0</difficult>
		<bndbox>
			<xmin>149</xmin>
			<ymin>921</ymin>
			<xmax>781</xmax>
			<ymax>1248</ymax>
		</bndbox>
	</object>
</annotation>
