<annotation>
	<folder>SAR</folder>
	<filename>CE_S1B_20190311_2.tif</filename>
	<path>F:\EddyDownload\S1Data\涡旋数据整理\Cyclones\SAR\CE_S1B_20190311_2.tif</path>
	<source>
		<database>Unknown</database>
	</source>
	<size>
		<width>3603</width>
		<height>4777</height>
		<depth>1</depth>
	</size>
	<segmented>0</segmented>
	<object>
		<name>cyclone</name>
		<pose>Unspecified</pose>
		<truncated>0</truncated>
		<difficult>0</difficult>
		<bndbox>
			<xmin>379</xmin>
			<ymin>613</ymin>
			<xmax>3339</xmax>
			<ymax>3848</ymax>
		</bndbox>
	</object>
</annotation>
