<annotation>
	<folder>SAR</folder>
	<filename>CE_S1A_20190616_3.tif</filename>
	<path>F:\EddyDownload\S1Data\涡旋数据整理\Cyclones\SAR\CE_S1A_20190616_3.tif</path>
	<source>
		<database>Unknown</database>
	</source>
	<size>
		<width>1522</width>
		<height>1353</height>
		<depth>1</depth>
	</size>
	<segmented>0</segmented>
	<object>
		<name>cyclone</name>
		<pose>Unspecified</pose>
		<truncated>0</truncated>
		<difficult>0</difficult>
		<bndbox>
			<xmin>517</xmin>
			<ymin>444</ymin>
			<xmax>1466</xmax>
			<ymax>1349</ymax>
		</bndbox>
	</object>
</annotation>
