<annotation>
	<folder>SAR</folder>
	<filename>CE_S1A_20190228_1.tif</filename>
	<path>F:\EddyDownload\S1Data\涡旋数据整理\Cyclones\SAR\CE_S1A_20190228_1.tif</path>
	<source>
		<database>Unknown</database>
	</source>
	<size>
		<width>3251</width>
		<height>3491</height>
		<depth>1</depth>
	</size>
	<segmented>0</segmented>
	<object>
		<name>cyclone</name>
		<pose>Unspecified</pose>
		<truncated>0</truncated>
		<difficult>0</difficult>
		<bndbox>
			<xmin>668</xmin>
			<ymin>530</ymin>
			<xmax>3194</xmax>
			<ymax>2779</ymax>
		</bndbox>
	</object>
</annotation>
