<annotation>
	<folder>SAR</folder>
	<filename>CE_S1B_20191016_1.tif</filename>
	<path>F:\EddyDownload\S1Data\涡旋数据整理\Cyclones\SAR\CE_S1B_20191016_1.tif</path>
	<source>
		<database>Unknown</database>
	</source>
	<size>
		<width>1043</width>
		<height>1081</height>
		<depth>1</depth>
	</size>
	<segmented>0</segmented>
	<object>
		<name>cyclone</name>
		<pose>Unspecified</pose>
		<truncated>0</truncated>
		<difficult>0</difficult>
		<bndbox>
			<xmin>180</xmin>
			<ymin>134</ymin>
			<xmax>939</xmax>
			<ymax>939</ymax>
		</bndbox>
	</object>
</annotation>
