<annotation>
	<folder>SAR</folder>
	<filename>CE_S1A_20191022_15.tif</filename>
	<path>F:\EddyDownload\S1Data\涡旋数据整理\Cyclones\SAR\CE_S1A_20191022_15.tif</path>
	<source>
		<database>Unknown</database>
	</source>
	<size>
		<width>1382</width>
		<height>1402</height>
		<depth>1</depth>
	</size>
	<segmented>0</segmented>
	<object>
		<name>cyclone</name>
		<pose>Unspecified</pose>
		<truncated>0</truncated>
		<difficult>0</difficult>
		<bndbox>
			<xmin>299</xmin>
			<ymin>15</ymin>
			<xmax>996</xmax>
			<ymax>1394</ymax>
		</bndbox>
	</object>
</annotation>
