<annotation>
	<folder>SAR</folder>
	<filename>CE_S1A_20190319_1.tif</filename>
	<path>F:\EddyDownload\S1Data\涡旋数据整理\Cyclones\SAR\CE_S1A_20190319_1.tif</path>
	<source>
		<database>Unknown</database>
	</source>
	<size>
		<width>1971</width>
		<height>1822</height>
		<depth>1</depth>
	</size>
	<segmented>0</segmented>
	<object>
		<name>anticyclone</name>
		<pose>Unspecified</pose>
		<truncated>0</truncated>
		<difficult>0</difficult>
		<bndbox>
			<xmin>251</xmin>
			<ymin>401</ymin>
			<xmax>1294</xmax>
			<ymax>1321</ymax>
		</bndbox>
	</object>
</annotation>
