<annotation>
	<folder>SAR</folder>
	<filename>CE_S1A_20190412_2.tif</filename>
	<path>F:\EddyDownload\S1Data\涡旋数据整理\Cyclones\SAR\CE_S1A_20190412_2.tif</path>
	<source>
		<database>Unknown</database>
	</source>
	<size>
		<width>2887</width>
		<height>2144</height>
		<depth>1</depth>
	</size>
	<segmented>0</segmented>
	<object>
		<name>cyclone</name>
		<pose>Unspecified</pose>
		<truncated>0</truncated>
		<difficult>0</difficult>
		<bndbox>
			<xmin>106</xmin>
			<ymin>607</ymin>
			<xmax>1631</xmax>
			<ymax>1923</ymax>
		</bndbox>
	</object>
	<object>
		<name>cyclone</name>
		<pose>Unspecified</pose>
		<truncated>0</truncated>
		<difficult>0</difficult>
		<bndbox>
			<xmin>1762</xmin>
			<ymin>14</ymin>
			<xmax>2786</xmax>
			<ymax>943</ymax>
		</bndbox>
	</object>
</annotation>
