<annotation>
	<folder>SAR</folder>
	<filename>CE_S1A_20190607_4.tif</filename>
	<path>F:\EddyDownload\S1Data\涡旋数据整理\Cyclones\SAR\CE_S1A_20190607_4.tif</path>
	<source>
		<database>Unknown</database>
	</source>
	<size>
		<width>592</width>
		<height>602</height>
		<depth>1</depth>
	</size>
	<segmented>0</segmented>
	<object>
		<name>cyclone</name>
		<pose>Unspecified</pose>
		<truncated>0</truncated>
		<difficult>0</difficult>
		<bndbox>
			<xmin>132</xmin>
			<ymin>99</ymin>
			<xmax>528</xmax>
			<ymax>434</ymax>
		</bndbox>
	</object>
</annotation>
