<annotation>
	<folder>SAR</folder>
	<filename>CE_S1A_20191022_11.tif</filename>
	<path>F:\EddyDownload\S1Data\涡旋数据整理\Cyclones\SAR\CE_S1A_20191022_11.tif</path>
	<source>
		<database>Unknown</database>
	</source>
	<size>
		<width>1126</width>
		<height>1026</height>
		<depth>1</depth>
	</size>
	<segmented>0</segmented>
	<object>
		<name>cyclone</name>
		<pose>Unspecified</pose>
		<truncated>0</truncated>
		<difficult>0</difficult>
		<bndbox>
			<xmin>45</xmin>
			<ymin>92</ymin>
			<xmax>590</xmax>
			<ymax>721</ymax>
		</bndbox>
	</object>
	<object>
		<name>cyclone</name>
		<pose>Unspecified</pose>
		<truncated>0</truncated>
		<difficult>0</difficult>
		<bndbox>
			<xmin>541</xmin>
			<ymin>512</ymin>
			<xmax>959</xmax>
			<ymax>1023</ymax>
		</bndbox>
	</object>
</annotation>
