<annotation>
	<folder>SAR</folder>
	<filename>CE_S1B_20190927_8.tif</filename>
	<path>F:\EddyDownload\S1Data\涡旋数据整理\Cyclones\SAR\CE_S1B_20190927_8.tif</path>
	<source>
		<database>Unknown</database>
	</source>
	<size>
		<width>2606</width>
		<height>1527</height>
		<depth>1</depth>
	</size>
	<segmented>0</segmented>
	<object>
		<name>cyclone</name>
		<pose>Unspecified</pose>
		<truncated>0</truncated>
		<difficult>0</difficult>
		<bndbox>
			<xmin>221</xmin>
			<ymin>180</ymin>
			<xmax>2545</xmax>
			<ymax>679</ymax>
		</bndbox>
	</object>
	<object>
		<name>cyclone</name>
		<pose>Unspecified</pose>
		<truncated>0</truncated>
		<difficult>0</difficult>
		<bndbox>
			<xmin>152</xmin>
			<ymin>687</ymin>
			<xmax>609</xmax>
			<ymax>993</ymax>
		</bndbox>
	</object>
</annotation>
