<annotation>
	<folder>SAR</folder>
	<filename>CE_S1B_20191217_5.tif</filename>
	<path>F:\EddyDownload\S1Data\涡旋数据整理\Cyclones\SAR\CE_S1B_20191217_5.tif</path>
	<source>
		<database>Unknown</database>
	</source>
	<size>
		<width>948</width>
		<height>715</height>
		<depth>1</depth>
	</size>
	<segmented>0</segmented>
	<object>
		<name>cyclone</name>
		<pose>Unspecified</pose>
		<truncated>0</truncated>
		<difficult>0</difficult>
		<bndbox>
			<xmin>174</xmin>
			<ymin>77</ymin>
			<xmax>937</xmax>
			<ymax>571</ymax>
		</bndbox>
	</object>
</annotation>
