<annotation>
	<folder>SAR</folder>
	<filename>CE_S1A_20190401_1.tif</filename>
	<path>F:\EddyDownload\S1Data\涡旋数据整理\Cyclones\SAR\CE_S1A_20190401_1.tif</path>
	<source>
		<database>Unknown</database>
	</source>
	<size>
		<width>656</width>
		<height>786</height>
		<depth>1</depth>
	</size>
	<segmented>0</segmented>
	<object>
		<name>cyclone</name>
		<pose>Unspecified</pose>
		<truncated>0</truncated>
		<difficult>0</difficult>
		<bndbox>
			<xmin>35</xmin>
			<ymin>4</ymin>
			<xmax>475</xmax>
			<ymax>783</ymax>
		</bndbox>
	</object>
</annotation>
