<annotation>
	<folder>SAR</folder>
	<filename>CE_S1B_20190205_1.tif</filename>
	<path>F:\EddyDownload\S1Data\涡旋数据整理\Cyclones\SAR\CE_S1B_20190205_1.tif</path>
	<source>
		<database>Unknown</database>
	</source>
	<size>
		<width>3112</width>
		<height>2947</height>
		<depth>1</depth>
	</size>
	<segmented>0</segmented>
	<object>
		<name>cyclone</name>
		<pose>Unspecified</pose>
		<truncated>0</truncated>
		<difficult>0</difficult>
		<bndbox>
			<xmin>436</xmin>
			<ymin>107</ymin>
			<xmax>2911</xmax>
			<ymax>2904</ymax>
		</bndbox>
	</object>
</annotation>
