<annotation>
	<folder>SAR</folder>
	<filename>CE_S1A_20191022_23.tif</filename>
	<path>F:\EddyDownload\S1Data\涡旋数据整理\Cyclones\SAR\CE_S1A_20191022_23.tif</path>
	<source>
		<database>Unknown</database>
	</source>
	<size>
		<width>3480</width>
		<height>2692</height>
		<depth>1</depth>
	</size>
	<segmented>0</segmented>
	<object>
		<name>cyclone</name>
		<pose>Unspecified</pose>
		<truncated>0</truncated>
		<difficult>0</difficult>
		<bndbox>
			<xmin>472</xmin>
			<ymin>48</ymin>
			<xmax>2316</xmax>
			<ymax>2229</ymax>
		</bndbox>
	</object>
</annotation>
