<annotation>
	<folder>SAR</folder>
	<filename>CE_S1B_20191130_3.tif</filename>
	<path>F:\EddyDownload\S1Data\涡旋数据整理\Cyclones\SAR\CE_S1B_20191130_3.tif</path>
	<source>
		<database>Unknown</database>
	</source>
	<size>
		<width>1589</width>
		<height>1172</height>
		<depth>1</depth>
	</size>
	<segmented>0</segmented>
	<object>
		<name>cyclone</name>
		<pose>Unspecified</pose>
		<truncated>0</truncated>
		<difficult>0</difficult>
		<bndbox>
			<xmin>46</xmin>
			<ymin>104</ymin>
			<xmax>701</xmax>
			<ymax>679</ymax>
		</bndbox>
	</object>
	<object>
		<name>cyclone</name>
		<pose>Unspecified</pose>
		<truncated>0</truncated>
		<difficult>0</difficult>
		<bndbox>
			<xmin>844</xmin>
			<ymin>577</ymin>
			<xmax>1471</xmax>
			<ymax>1121</ymax>
		</bndbox>
	</object>
</annotation>
