<annotation>
	<folder>SAR</folder>
	<filename>CE_S1B_20191028_2.tif</filename>
	<path>F:\EddyDownload\S1Data\涡旋数据整理\Cyclones\SAR\CE_S1B_20191028_2.tif</path>
	<source>
		<database>Unknown</database>
	</source>
	<size>
		<width>1434</width>
		<height>1245</height>
		<depth>1</depth>
	</size>
	<segmented>0</segmented>
	<object>
		<name>cyclone</name>
		<pose>Unspecified</pose>
		<truncated>0</truncated>
		<difficult>0</difficult>
		<bndbox>
			<xmin>244</xmin>
			<ymin>345</ymin>
			<xmax>1251</xmax>
			<ymax>1170</ymax>
		</bndbox>
	</object>
</annotation>
