<annotation>
	<folder>SAR</folder>
	<filename>CE_S1B_20190927_2.tif</filename>
	<path>F:\EddyDownload\S1Data\涡旋数据整理\Cyclones\SAR\CE_S1B_20190927_2.tif</path>
	<source>
		<database>Unknown</database>
	</source>
	<size>
		<width>1401</width>
		<height>829</height>
		<depth>1</depth>
	</size>
	<segmented>0</segmented>
	<object>
		<name>cyclone</name>
		<pose>Unspecified</pose>
		<truncated>0</truncated>
		<difficult>0</difficult>
		<bndbox>
			<xmin>14</xmin>
			<ymin>44</ymin>
			<xmax>636</xmax>
			<ymax>579</ymax>
		</bndbox>
	</object>
	<object>
		<name>cyclone</name>
		<pose>Unspecified</pose>
		<truncated>0</truncated>
		<difficult>0</difficult>
		<bndbox>
			<xmin>757</xmin>
			<ymin>189</ymin>
			<xmax>1293</xmax>
			<ymax>782</ymax>
		</bndbox>
	</object>
</annotation>
