<annotation>
	<folder>SAR</folder>
	<filename>CE_S1A_20190923_2.tif</filename>
	<path>F:\EddyDownload\S1Data\涡旋数据整理\Cyclones\SAR\CE_S1A_20190923_2.tif</path>
	<source>
		<database>Unknown</database>
	</source>
	<size>
		<width>641</width>
		<height>632</height>
		<depth>1</depth>
	</size>
	<segmented>0</segmented>
	<object>
		<name>cyclone</name>
		<pose>Unspecified</pose>
		<truncated>0</truncated>
		<difficult>0</difficult>
		<bndbox>
			<xmin>48</xmin>
			<ymin>148</ymin>
			<xmax>562</xmax>
			<ymax>500</ymax>
		</bndbox>
	</object>
</annotation>
